"id","screen_name"
797069491222024200,"katiemcn4ton6"
795797143151853600,"jujumakerspace"
795727411094712300,"_LinkXEE"
795691741894479900,"MarcovHyper"
795353815297892400,"MinaTadrous4"
794601327787577300,"vencatalysts"
793907575465050100,"davidmartin115"
793786261379186700,"oppotix"
793261591009517600,"micksterdev"
793024943638405100,"TREFQUIJANO"
793020491812446200,"tline_io"
792719912921882600,"alexis_tasse"
792716436359618600,"sofistixy"
792513022405316600,"3dAmandaallen"
792153851604238300,"benjamin_osmond"
792071500497059800,"rosaerosalin"
790948551077589000,"tsm_course"
790864903020183600,"kaspar_tiri"
790538564274688000,"youtubevideorts"
790256984612343800,"RDonizetedopra"